Job_ID,Machine_ID,Operation_Type,Material_Used,Processing_Time,Energy_Consumption,Machine_Availability,Scheduled_Start,Scheduled_End,Actual_Start,Actual_End,Job_Status,Optimization_Category,efficiency
J291,M03,Milling,5.0,26,12.76,95,2023-03-20 08:20:00,2023-03-20 08:46:00,2023-03-20 08:20:00,2023-03-20 08:46:00,Completed,Moderate Efficiency,0.19230769230769232
J789,M02,Grinding,4.76,25,13.34,97,2023-03-23 19:20:00,2023-03-23 19:45:00,,,Failed,Low Efficiency,0.19039999999999999
J145,M05,Lathe,4.02,22,7.26,97,2023-03-19 08:00:00,2023-03-19 08:22:00,2023-03-19 08:05:00,2023-03-19 08:27:00,Completed,Moderate Efficiency,0.1827272727272727
J400,M02,Grinding,4.34,24,2.23,95,2023-03-21 02:30:00,2023-03-21 02:54:00,2023-03-21 03:00:00,2023-03-21 03:24:00,Delayed,Low Efficiency,0.18083333333333332
J236,M02,Lathe,4.49,26,7.84,97,2023-03-19 23:10:00,2023-03-19 23:36:00,2023-03-19 23:10:00,2023-03-19 23:36:00,Completed,High Efficiency,0.1726923076923077
J331,M04,Additive,4.45,27,5.78,97,2023-03-20 15:00:00,2023-03-20 15:27:00,2023-03-20 14:55:00,2023-03-20 15:22:00,Completed,Low Efficiency,0.16481481481481483
J790,M05,Milling,4.43,28,8.66,98,2023-03-23 19:30:00,2023-03-23 19:58:00,2023-03-23 19:25:00,2023-03-23 19:53:00,Completed,Low Efficiency,0.1582142857142857
J916,M01,Drilling,4.75,31,8.94,98,2023-03-24 16:30:00,2023-03-24 17:01:00,2023-03-24 16:32:00,2023-03-24 17:03:00,Completed,Moderate Efficiency,0.1532258064516129
J675,M03,Grinding,3.67,25,4.14,96,2023-03-23 00:20:00,2023-03-23 00:45:00,,,Failed,Low Efficiency,0.14679999999999999
J686,M03,Milling,4.76,37,5.02,98,2023-03-23 02:10:00,2023-03-23 02:47:00,2023-03-23 02:15:00,2023-03-23 02:52:00,Completed,High Efficiency,0.12864864864864864
J168,M03,Grinding,4.51,37,12.54,99,2023-03-19 11:50:00,2023-03-19 12:27:00,2023-03-19 12:14:00,2023-03-19 12:51:00,Delayed,Low Efficiency,0.12189189189189188
J259,M03,Lathe,2.91,24,7.41,95,2023-03-20 03:00:00,2023-03-20 03:24:00,2023-03-20 02:58:00,2023-03-20 03:22:00,Completed,Low Efficiency,0.12125000000000001
J252,M05,Milling,4.59,38,13.14,96,2023-03-20 01:50:00,2023-03-20 02:28:00,2023-03-20 01:46:00,2023-03-20 02:24:00,Completed,Low Efficiency,0.12078947368421052
J556,M05,Additive,3.93,36,5.37,98,2023-03-22 04:30:00,2023-03-22 05:06:00,,,Failed,Low Efficiency,0.10916666666666668
J274,M05,Lathe,2.17,20,4.29,97,2023-03-20 05:30:00,2023-03-20 05:50:00,2023-03-20 05:29:00,2023-03-20 05:49:00,Completed,Low Efficiency,0.1085
J816,M05,Milling,3.58,34,14.45,96,2023-03-23 23:50:00,2023-03-24 00:24:00,2023-03-23 23:53:00,2023-03-24 00:27:00,Completed,Moderate Efficiency,0.10529411764705883
J071,M04,Milling,2.62,25,7.29,95,2023-03-18 19:40:00,2023-03-18 20:05:00,2023-03-18 19:38:00,2023-03-18 20:03:00,Completed,Low Efficiency,0.1048
J877,M05,Milling,2.41,23,6.93,99,2023-03-24 10:00:00,2023-03-24 10:23:00,2023-03-24 10:28:00,2023-03-24 10:51:00,Delayed,Low Efficiency,0.10478260869565217
J574,M02,Milling,2.31,23,5.63,98,2023-03-22 07:30:00,2023-03-22 07:53:00,2023-03-22 07:29:00,2023-03-22 07:52:00,Completed,Low Efficiency,0.10043478260869565
J100,M02,Grinding,2.71,27,12.24,96,2023-03-19 00:30:00,2023-03-19 00:57:00,2023-03-19 00:35:00,2023-03-19 01:02:00,Completed,Moderate Efficiency,0.10037037037037037
J485,M03,Lathe,3.38,34,9.0,95,2023-03-21 16:40:00,2023-03-21 17:14:00,2023-03-21 16:36:00,2023-03-21 17:10:00,Completed,Low Efficiency,0.09941176470588235
J945,M04,Lathe,3.1,33,2.46,97,2023-03-24 21:20:00,2023-03-24 21:53:00,2023-03-24 21:45:00,2023-03-24 22:18:00,Delayed,Low Efficiency,0.09393939393939395
J090,M02,Lathe,2.38,27,12.34,99,2023-03-18 22:50:00,2023-03-18 23:17:00,2023-03-18 23:05:00,2023-03-18 23:32:00,Delayed,Low Efficiency,0.08814814814814814
J991,M02,Milling,3.05,36,6.33,99,2023-03-25 05:00:00,2023-03-25 05:36:00,2023-03-25 04:56:00,2023-03-25 05:32:00,Completed,Low Efficiency,0.08472222222222221
J724,M01,Additive,2.69,32,9.08,97,2023-03-23 08:30:00,2023-03-23 09:02:00,2023-03-23 08:32:00,2023-03-23 09:04:00,Completed,Moderate Efficiency,0.0840625
J010,M01,Drilling,2.1,27,3.66,97,2023-03-18 09:30:00,2023-03-18 09:57:00,2023-03-18 09:54:00,2023-03-18 10:21:00,Delayed,Low Efficiency,0.07777777777777778
J082,M01,Drilling,1.73,24,13.39,98,2023-03-18 21:30:00,2023-03-18 21:54:00,2023-03-18 21:26:00,2023-03-18 21:50:00,Completed,Low Efficiency,0.07208333333333333
J413,M04,Grinding,1.53,22,4.23,98,2023-03-21 04:40:00,2023-03-21 05:02:00,2023-03-21 04:39:00,2023-03-21 05:01:00,Completed,Low Efficiency,0.06954545454545455
J295,M02,Additive,2.46,39,10.97,96,2023-03-20 09:00:00,2023-03-20 09:39:00,2023-03-20 09:04:00,2023-03-20 09:43:00,Completed,Moderate Efficiency,0.06307692307692307
J360,M05,Additive,1.81,29,8.0,97,2023-03-20 19:50:00,2023-03-20 20:19:00,2023-03-20 19:55:00,2023-03-20 20:24:00,Completed,Moderate Efficiency,0.06241379310344828
J026,M01,Additive,1.14,21,3.89,97,2023-03-18 12:10:00,2023-03-18 12:31:00,2023-03-18 12:10:00,2023-03-18 12:31:00,Completed,High Efficiency,0.054285714285714284
J845,M04,Lathe,2.1,40,14.19,97,2023-03-24 04:40:00,2023-03-24 05:20:00,2023-03-24 04:41:00,2023-03-24 05:21:00,Completed,Moderate Efficiency,0.052500000000000005
J684,M03,Grinding,1.46,28,13.43,96,2023-03-23 01:50:00,2023-03-23 02:18:00,2023-03-23 01:46:00,2023-03-23 02:14:00,Completed,Low Efficiency,0.052142857142857144
J388,M05,Milling,1.2,24,11.46,97,2023-03-21 00:30:00,2023-03-21 00:54:00,2023-03-21 00:28:00,2023-03-21 00:52:00,Completed,Low Efficiency,0.049999999999999996
J982,M01,Additive,1.29,27,13.25,96,2023-03-25 03:30:00,2023-03-25 03:57:00,2023-03-25 03:29:00,2023-03-25 03:56:00,Completed,Low Efficiency,0.04777777777777778
J467,M01,Grinding,1.76,37,10.63,97,2023-03-21 13:40:00,2023-03-21 14:17:00,2023-03-21 13:38:00,2023-03-21 14:15:00,Completed,Low Efficiency,0.04756756756756757
J031,M03,Grinding,1.7,37,3.21,96,2023-03-18 13:00:00,2023-03-18 13:37:00,2023-03-18 13:02:00,2023-03-18 13:39:00,Completed,High Efficiency,0.04594594594594594
J555,M02,Additive,1.61,37,12.3,95,2023-03-22 04:20:00,2023-03-22 04:57:00,2023-03-22 04:30:00,2023-03-22 05:07:00,Delayed,Low Efficiency,0.04351351351351351
J283,M01,Additive,1.52,37,9.47,96,2023-03-20 07:00:00,2023-03-20 07:37:00,2023-03-20 06:57:00,2023-03-20 07:34:00,Completed,Low Efficiency,0.041081081081081085
J303,M05,Additive,1.5,38,6.46,96,2023-03-20 10:20:00,2023-03-20 10:58:00,2023-03-20 10:18:00,2023-03-20 10:56:00,Completed,Low Efficiency,0.039473684210526314
J746,M03,Milling,1.14,30,7.66,96,2023-03-23 12:10:00,2023-03-23 12:40:00,2023-03-23 12:13:00,2023-03-23 12:43:00,Completed,High Efficiency,0.038
J477,M01,Drilling,1.23,35,14.52,98,2023-03-21 15:20:00,2023-03-21 15:55:00,2023-03-21 15:15:00,2023-03-21 15:50:00,Completed,Low Efficiency,0.03514285714285714
